id_tse;cargo;nome_completo;numero_candidato;nome_urna;situacao_candidatura;detalhe_situacao_candidatura;numero_partido;sigla_partido;nome_partido;municipio_nascimento;data_nascimento;genero;grau_instrucao;estado_civil;cor_raca;ocupacao;reeleicao;venceu;situacao_candidatura_urna;bens;receita;despesa_contratada;porcentagem;votos
140000604469;DEPUTADO FEDERAL;ANAGIBE RODRIGUES VIANA;5400;NAGIBE DO VIDRO;APTO;DEFERIDO;54;PPL;PARTIDO PÁTRIA LIVRE;RIACHÃO;19/02/1968;MASCULINO;ENSINO MÉDIO COMPLETO;SOLTEIRO(A);PARDA;VENDEDOR DE COMÉRCIO VAREJISTA E ATACADISTA;N;SUPLENTE;DEFERIDO;6710.0;;;0,02%;678.0
140000610254;DEPUTADO FEDERAL;JOSE ROBERTO PANTOJA DOS SANTOS;2700;ROBERTO SANTOS;APTO;DEFERIDO;27;DC;DEMOCRACIA CRISTÃ;TOMÉ AÇU;21/09/1961;MASCULINO;ENSINO MÉDIO INCOMPLETO;SOLTEIRO(A);BRANCA;EMPRESÁRIO;N;NÃO ELEITO;DEFERIDO;30000.0;20888.78;5000.0;0,06%;2364.0
140000613808;DEPUTADO FEDERAL;DIVONSIR JOSÉ PANATTO;2591;PANATTO NATO;APTO;DEFERIDO;25;DEM;DEMOCRATAS;MARINGÁ;09/04/1955;MASCULINO;SUPERIOR INCOMPLETO;DIVORCIADO(A);BRANCA;OUTROS;N;SUPLENTE;DEFERIDO;;2258.55;813.55;0,01%;310.0
140000625826;DEPUTADO FEDERAL;JANAINA RENEE ARGUELHES DOS SANTOS DIAS;4300;JANA RENEE;APTO;DEFERIDO;43;PV;PARTIDO VERDE;BELÉM;26/08/1984;FEMININO;SUPERIOR COMPLETO;DIVORCIADO(A);BRANCA;EMPRESÁRIO;N;NÃO ELEITO;DEFERIDO;;23000.0;22989.35;0,04%;1657.0
140000625818;DEPUTADO FEDERAL;ROBERTO DE ANDRADE SHINKAI;4422;ROBERTO SHINKAI;APTO;DEFERIDO;44;PRP;PARTIDO REPUBLICANO PROGRESSISTA;BELÉM;20/01/1974;MASCULINO;SUPERIOR COMPLETO;CASADO(A);BRANCA;MÉDICO;N;NÃO ELEITO;DEFERIDO;15556.5;8110.0;7810.0;0,11%;4427.0
140000610264;DEPUTADO FEDERAL;FRANCISCO CARLOS SANTOS DIAS;5100;DIAS;APTO;DEFERIDO;51;PATRIOTA;PATRIOTA;CAXIAS;08/09/1963;MASCULINO;SUPERIOR COMPLETO;CASADO(A);PARDA;ADVOGADO;N;NÃO ELEITO;DEFERIDO;80000.0;1000.0;1070.0;0,05%;2012.0
140000625830;DEPUTADO FEDERAL;DARCILETE DA SILVA CANTE;1818;DARCILETE CANTE;APTO;DEFERIDO;18;REDE;REDE SUSTENTABILIDADE;SANTAREM;11/05/1965;FEMININO;SUPERIOR COMPLETO;SOLTEIRO(A);PRETA;PROFESSOR DE ENSINO FUNDAMENTAL;N;NÃO ELEITO;DEFERIDO;20000.0;1730.0;800.0;0,06%;2208.0
140000606359;DEPUTADO FEDERAL;ELCIONE THEREZINHA ZAHLUTH BARBALHO;1515;ELCIONE;APTO;DEFERIDO;15;MDB;MOVIMENTO DEMOCRÁTICO BRASILEIRO;BELÉM;05/10/1944;FEMININO;SUPERIOR COMPLETO;DIVORCIADO(A);BRANCA;DEPUTADO;S;ELEITO POR QP;DEFERIDO;3613643.3000000003;2074730.0;2062624.55;4,18%;165202.0
140000606376;DEPUTADO FEDERAL;MANOEL CLAUDIO FURTADO VELOSO;1717;DR. VELOSO;APTO;DEFERIDO;17;PSL;PARTIDO SOCIAL LIBERAL;BELÉM;19/10/1966;MASCULINO;SUPERIOR COMPLETO;CASADO(A);PARDA;MÉDICO;N;SUPLENTE;DEFERIDO;884000.0;139975.0;131525.75;1,59%;63095.0
140000613821;DEPUTADO FEDERAL;FRANCISCO EDVALDO XAVIER BEZERRA;3390;SARGENTO XAVIER;APTO;DEFERIDO;33;PMN;PARTIDO DA MOBILIZAÇÃO NACIONAL;GUADALUPE DO PIAUI;19/05/1968;MASCULINO;ENSINO FUNDAMENTAL COMPLETO;CASADO(A);PARDA;POLICIAL MILITAR;N;SUPLENTE;DEFERIDO;132896.06;;;0,23%;9074.0
140000625828;DEPUTADO FEDERAL;MARY MACHADO SCALERCIO;4321;DRA. MARY;INAPTO;INDEFERIDO;43;PV;PARTIDO VERDE;RIO DE JANEIRO;28/02/1963;FEMININO;SUPERIOR COMPLETO;SOLTEIRO(A);PARDA;ADVOGADO;N;;;;;;;
140000610271;DEPUTADO FEDERAL;ROSIANE COSTA CORREA DE SOUZA;5118;ANNE;APTO;DEFERIDO;51;PATRIOTA;PATRIOTA;BELÉM;24/08/1981;FEMININO;ENSINO MÉDIO COMPLETO;CASADO(A);PARDA;VENDEDOR DE COMÉRCIO VAREJISTA E ATACADISTA;N;NÃO ELEITO;DEFERIDO;;1000.0;1210.0;0,01%;474.0
140000613814;DEPUTADO FEDERAL;ELIVAN CAMPOS FAUSTINO;3334;ELIVAN FAUSTINO;APTO;DEFERIDO;33;PMN;PARTIDO DA MOBILIZAÇÃO NACIONAL;BELÉM;02/05/1968;MASCULINO;SUPERIOR COMPLETO;CASADO(A);BRANCA;EMPRESÁRIO;N;SUPLENTE;DEFERIDO;523142.17;17150.0;10491.4;0,11%;4261.0
140000625833;DEPUTADO FEDERAL;IRAN DA SILVA PEREIRA;1800;PROFESSOR IRAN;APTO;DEFERIDO;18;REDE;REDE SUSTENTABILIDADE;BACABAL;17/09/1967;MASCULINO;SUPERIOR COMPLETO;SOLTEIRO(A);PRETA;PROFESSOR DE ENSINO MÉDIO;N;NÃO ELEITO;DEFERIDO;359500.0;2310.0;810.0;0,08%;3209.0
140000604420;DEPUTADO FEDERAL;REGINA MARIA MARTINS BRITO;5020;REGINA BRITO;APTO;DEFERIDO;50;PSOL;PARTIDO SOCIALISMO E LIBERDADE;SANTARÉM;19/11/1954;FEMININO;SUPERIOR COMPLETO;CASADO(A);BRANCA;SERVIDOR PÚBLICO FEDERAL;N;SUPLENTE;DEFERIDO;275000.0;47497.94;42126.37;0,03%;1237.0
140000613816;DEPUTADO FEDERAL;CÁSSIO COELHO ANDRADE;4011;CÁSSIO ANDRADE;APTO;DEFERIDO;40;PSB;PARTIDO SOCIALISTA BRASILEIRO;SALVADOR;12/09/1981;MASCULINO;SUPERIOR COMPLETO;CASADO(A);PARDA;DEPUTADO;N;ELEITO POR QP;DEFERIDO;2360785.33;562612.8;533837.4;3,31%;130768.0
140000628189;DEPUTADO FEDERAL;JOÃO DAS GRAÇAS MORAES;4345;REPORTER MORAES;INAPTO;INDEFERIDO;43;PV;PARTIDO VERDE;MUANÁ;13/11/1948;MASCULINO;ENSINO MÉDIO COMPLETO;SOLTEIRO(A);BRANCA;JORNALISTA E REDATOR;N;;;;400.0;;;
140000610255;DEPUTADO FEDERAL;LUIZ GUILHERME LESSA DE FRANÇA;7077;PASTOR GUILHERME LESSA;APTO;DEFERIDO;70;AVANTE;AVANTE;RIO BRANCO;17/08/1974;MASCULINO;SUPERIOR COMPLETO;CASADO(A);BRANCA;OCEANÓGRAFO;N;NÃO ELEITO;DEFERIDO;60000.0;18000.0;17000.0;0,25%;9951.0
140000606371;DEPUTADO FEDERAL;ULYSSES CABETTE NOOBLATH;3122;ULYSSES CABETTE;INAPTO;RENÚNCIA;31;PHS;PARTIDO HUMANISTA DA SOLIDARIEDADE;BELÉM;02/01/1991;MASCULINO;SUPERIOR COMPLETO;CASADO(A);PARDA;ADVOGADO;N;;;45697.0;600.0;;;
140000610277;DEPUTADO FEDERAL;RONILSON CORREA DE SENA;3636;BILHA;APTO;DEFERIDO;36;PTC;PARTIDO TRABALHISTA CRISTÃO;CASTANHAL;26/01/1976;MASCULINO;SUPERIOR COMPLETO;CASADO(A);PARDA;VEREADOR;N;NÃO ELEITO;DEFERIDO;1580000.0;61305.4;55705.4;0,34%;13638.0
140000604434;DEPUTADO FEDERAL;JOSÉ EMILIO HERMES DE ALMEIDA;5065;JOSÉ EMILIO;APTO;DEFERIDO;50;PSOL;PARTIDO SOCIALISMO E LIBERDADE;BELÉM;30/01/1963;MASCULINO;SUPERIOR COMPLETO;SOLTEIRO(A);BRANCA;PROFESSOR DE ENSINO MÉDIO;N;SUPLENTE;DEFERIDO;;9023.24;5000.0;0,03%;1169.0
140000613811;DEPUTADO FEDERAL;OLIVAL HENRIQUE MARQUES DE SOUZA;2500;OLIVAL MARQUES;APTO;DEFERIDO;25;DEM;DEMOCRATAS;BELÉM;09/01/1982;MASCULINO;SUPERIOR COMPLETO;CASADO(A);PARDA;OUTROS;N;ELEITO POR QP;DEFERIDO;221336.71;523346.39999999997;362000.0;3,42%;135398.0
140000613804;DEPUTADO FEDERAL;YORANN CHRISTIE BRAGA DA COSTA;7777;YORANN COSTA;APTO;DEFERIDO;77;SOLIDARIEDADE;SOLIDARIEDADE;BELÉM;19/04/1995;MASCULINO;SUPERIOR INCOMPLETO;SOLTEIRO(A);PARDA;EMPRESÁRIO;N;SUPLENTE;DEFERIDO;1892401.85;251845.0;250000.0;1,31%;51732.0
140000610269;DEPUTADO FEDERAL;MARIA DE NAZARE LAURIDO;5112;TIA LELE;APTO;DEFERIDO;51;PATRIOTA;PATRIOTA;BELÉM;06/05/1966;FEMININO;SUPERIOR COMPLETO;SOLTEIRO(A);BRANCA;PROFESSOR DE ENSINO FUNDAMENTAL;N;NÃO ELEITO;DEFERIDO;;1000.0;1070.0;0,00%;164.0
140000625812;DEPUTADO FEDERAL;ELSON JOSÉ SOARES COELHO;4444;DR. ELSON SOARES;APTO;DEFERIDO;44;PRP;PARTIDO REPUBLICANO PROGRESSISTA;BELÉM;04/12/1959;MASCULINO;SUPERIOR COMPLETO;CASADO(A);PARDA;ADVOGADO;N;NÃO ELEITO;DEFERIDO;190000.0;7600.0;7600.0;0,11%;4375.0
140000604424;DEPUTADO FEDERAL;SEBASTIÃO CONCEIÇÃO MARTINS;5051;SABÁ;APTO;DEFERIDO;50;PSOL;PARTIDO SOCIALISMO E LIBERDADE;MUANÁ;16/06/1971;MASCULINO;ENSINO MÉDIO COMPLETO;CASADO(A);PRETA;MOTORISTA PARTICULAR;N;SUPLENTE;DEFERIDO;60000.0;10949.64;4017.6000000000004;0,04%;1541.0
140000625824;DEPUTADO FEDERAL;SAMUEL AUGUSTO SIQUEIRA FILHO;2828;SAMUEL SIQUEIRA;APTO;DEFERIDO;28;PRTB;PARTIDO RENOVADOR TRABALHISTA BRASILEIRO;BELÉM;09/10/1968;MASCULINO;SUPERIOR COMPLETO;DIVORCIADO(A);PRETA;CONTADOR;N;NÃO ELEITO;DEFERIDO;;1630.0;1330.0;0,02%;667.0
140000613815;DEPUTADO FEDERAL;ANA CRISTINA DA SILVA ROSA;3345;ANA CRISTINA ROSA;INAPTO;INDEFERIDO;33;PMN;PARTIDO DA MOBILIZAÇÃO NACIONAL;BELÉM;25/07/1963;FEMININO;ENSINO MÉDIO COMPLETO;CASADO(A);PARDA;OUTROS;N;;;200000.0;;;;
140000606364;DEPUTADO FEDERAL;WAGNER BACH MARTINS;1010;VAVÁ MARTINS;APTO;DEFERIDO;10;PRB;PARTIDO REPUBLICANO BRASILEIRO;PELOTAS;03/06/1982;MASCULINO;ENSINO MÉDIO COMPLETO;CASADO(A);PARDA;OUTROS;N;ELEITO POR QP;DEFERIDO;;790711.0;701234.59;4,01%;158717.0
140000606370;DEPUTADO FEDERAL;MARISA ALVES ROMÃO;3131;MARISA ROMÃO;APTO;DEFERIDO;31;PHS;PARTIDO HUMANISTA DA SOLIDARIEDADE;PASSOS;10/03/1963;FEMININO;ENSINO MÉDIO COMPLETO;DIVORCIADO(A);PARDA;JORNALISTA E REDATOR;N;SUPLENTE;DEFERIDO;;2560.0;;0,06%;2426.0
140000613813;DEPUTADO FEDERAL;FABRICIO PEREIRA DA GAMA;3333;FABRICIO GAMA;APTO;DEFERIDO;33;PMN;PARTIDO DA MOBILIZAÇÃO NACIONAL;BELÉM;05/11/1973;MASCULINO;SUPERIOR COMPLETO;CASADO(A);BRANCA;VEREADOR;N;SUPLENTE;DEFERIDO;295549.92;100000.0;100000.0;0,13%;5062.0
140000610275;DEPUTADO FEDERAL;ELIENAI MENDONÇA DE MORAES SOUZA;3617;PR. ELIENAI MORAES;INAPTO;RENÚNCIA;36;PTC;PARTIDO TRABALHISTA CRISTÃO;BELEM;17/01/1989;MASCULINO;ENSINO FUNDAMENTAL COMPLETO;SOLTEIRO(A);PARDA;SACERDOTE OU MEMBRO DE ORDEM OU SEITA RELIGIOSA;N;;;;;;;
140000628525;DEPUTADO FEDERAL;JOSÉ MARIA CARVALHO;1577;PROF: JOSÉ MARIA BIGODE;APTO;DEFERIDO;15;MDB;MOVIMENTO DEMOCRÁTICO BRASILEIRO;BELÉM;17/10/1960;MASCULINO;SUPERIOR COMPLETO;SOLTEIRO(A);PRETA;PROFESSOR DE ENSINO MÉDIO;N;SUPLENTE;DEFERIDO;;3700.0;700.0;0,06%;2469.0
140000606373;DEPUTADO FEDERAL;HENRIETTE WALDÍVIA TEIXEIRA DE BARROS;3535;HENRIETTE BARROS;APTO;DEFERIDO;35;PMB;PARTIDO DA MULHER BRASILEIRA;BELÉM;27/01/1968;FEMININO;SUPERIOR COMPLETO;DIVORCIADO(A);BRANCA;SERVIDOR PÚBLICO ESTADUAL;N;SUPLENTE;DEFERIDO;400100.0;192000.0;197000.0;0,10%;3892.0
140000625825;DEPUTADO FEDERAL;SUANE MAUES PANTOJA;4410;SUANE MAUES;APTO;DEFERIDO;44;PRP;PARTIDO REPUBLICANO PROGRESSISTA;ABAETETUBA;10/01/1996;FEMININO;SUPERIOR INCOMPLETO;SOLTEIRO(A);BRANCA;ESTUDANTE, BOLSISTA, ESTAGIÁRIO E ASSEMELHADOS;N;NÃO ELEITO;DEFERIDO;;;;0,01%;299.0
140000613801;DEPUTADO FEDERAL;FRANCILDA PEREIRA DA SILVA;4518;FRANCY PEREIRA;APTO;DEFERIDO;45;PSDB;PARTIDO DA SOCIAL DEMOCRACIA BRASILEIRA;ANANINDEUA;14/03/1965;FEMININO;SUPERIOR INCOMPLETO;CASADO(A);PRETA;VEREADOR;N;SUPLENTE;DEFERIDO;2500000.0;310845.35;222980.0;1,01%;39981.0
140000604470;DEPUTADO FEDERAL;CLAUDIMARA MARQUES DE LIMA;5477;CLAUDIMARA;APTO;DEFERIDO;54;PPL;PARTIDO PÁTRIA LIVRE;AURORA DO PARA;28/02/1991;FEMININO;SUPERIOR COMPLETO;DIVORCIADO(A);PARDA;PROFESSOR DE ENSINO MÉDIO;N;SUPLENTE;DEFERIDO;;2100.0;1500.0;0,01%;274.0
140000613818;DEPUTADO FEDERAL;EVERSON CARLOS QUARESMA DA SILVA;1234;EVERSON CARLOS;APTO;DEFERIDO;12;PDT;PARTIDO DEMOCRÁTICO TRABALHISTA;ABAETETUBA;05/11/1989;MASCULINO;SUPERIOR COMPLETO;SOLTEIRO(A);PARDA;ANALISTA DE SISTEMAS;N;SUPLENTE;DEFERIDO;;9238.45;5688.45;0,69%;27238.0
140000627199;DEPUTADO FEDERAL;MARIA MARTA SOUZA COSTA;1333;MARTA COSTA;APTO;DEFERIDO;13;PT;PARTIDO DOS TRABALHADORES;JACUNDÁ;18/07/1986;FEMININO;SUPERIOR COMPLETO;SOLTEIRO(A);BRANCA;VEREADOR;N;SUPLENTE;DEFERIDO;160000.0;83500.0;82000.0;0,15%;5751.0
140000613803;DEPUTADO FEDERAL;ARNALDO JORDY FIGUEIREDO;2323;JORDY;APTO;DEFERIDO;23;PPS;PARTIDO POPULAR SOCIALISTA;BELÉM;30/11/1958;MASCULINO;SUPERIOR COMPLETO;SOLTEIRO(A);PARDA;DEPUTADO;S;SUPLENTE;DEFERIDO;300000.0;1176029.81;1175980.21;2,09%;82672.0
140000606374;DEPUTADO FEDERAL;ROBERTO SALAME FILHO;1111;BETO SALAME;APTO;DEFERIDO;11;PP;PROGRESSISTAS;MARABÁ;12/02/1974;MASCULINO;SUPERIOR COMPLETO;CASADO(A);PARDA;DEPUTADO;S;SUPLENTE;DEFERIDO;629504.9;1616602.0;1593722.0;1,64%;64928.0
140000625816;DEPUTADO FEDERAL;PAULO CESAR DE CARVALHO SILVA;4412;CESAR DO COMERCIO;APTO;DEFERIDO;44;PRP;PARTIDO REPUBLICANO PROGRESSISTA;BARRAS;15/02/1972;MASCULINO;ENSINO MÉDIO COMPLETO;CASADO(A);PARDA;COMERCIANTE;N;NÃO ELEITO;DEFERIDO;60000.0;2000.0;;0,03%;1335.0
140000604433;DEPUTADO FEDERAL;ANDRÉ OLIVEIRA SILVA;5099;PROF. ANDRÉ SILVA;APTO;DEFERIDO;50;PSOL;PARTIDO SOCIALISMO E LIBERDADE;IRITUIA;30/11/1978;MASCULINO;SUPERIOR COMPLETO;SOLTEIRO(A);PRETA;PEDAGOGO;N;SUPLENTE;DEFERIDO;150000.0;8023.24;3949.2;0,05%;1960.0
140000604474;DEPUTADO FEDERAL;MITERRAN LOPES FEITOSA;5422;MITERRAN FEITOSA;APTO;DEFERIDO;54;PPL;PARTIDO PÁTRIA LIVRE;TUCURUI;21/09/1981;MASCULINO;SUPERIOR INCOMPLETO;CASADO(A);PARDA;ADMINISTRADOR;N;SUPLENTE;DEFERIDO;335000.0;15170.6;14670.6;0,13%;5064.0
140000613820;DEPUTADO FEDERAL;SARAH RAISSA FREITAS MODESTO;1200;SARAH FREITAS;APTO;DEFERIDO;12;PDT;PARTIDO DEMOCRÁTICO TRABALHISTA;ANANINDEUA;22/08/1991;FEMININO;SUPERIOR COMPLETO;SOLTEIRO(A);PARDA;PEDAGOGO;N;SUPLENTE;DEFERIDO;;16000.0;12000.0;0,05%;2013.0
140000606381;DEPUTADO FEDERAL;JOELMA DE MOURA LEITE;5510;JOELMA LEITE;APTO;DEFERIDO;55;PSD;PARTIDO SOCIAL DEMOCRÁTICO;TUCURUI;05/07/1980;FEMININO;SUPERIOR COMPLETO;DIVORCIADO(A);PARDA;VEREADOR;N;SUPLENTE;DEFERIDO;230441.28;196960.15;175010.15;0,46%;18003.0
140000625821;DEPUTADO FEDERAL;JAIRSON BARRADAS NEVES;2844;PATO;INAPTO;INDEFERIDO;28;PRTB;PARTIDO RENOVADOR TRABALHISTA BRASILEIRO;TUCURUÍ;01/05/1973;MASCULINO;ENSINO MÉDIO COMPLETO;SOLTEIRO(A);PARDA;OUTROS;N;;;70000.0;300.0;;;
140000604472;DEPUTADO FEDERAL;KELLY CRISTINA DE ANDRADE;5444;KELLY ANDRADE ;APTO;DEFERIDO;54;PPL;PARTIDO PÁTRIA LIVRE;BELÉM;13/07/1979;FEMININO;ENSINO MÉDIO COMPLETO;SOLTEIRO(A);PARDA;DONA DE CASA;N;SUPLENTE;DEFERIDO;;1900.0;1500.0;0,00%;179.0
140000604432;DEPUTADO FEDERAL;ADRIANE CARDOSO SERRÃO;5088;ADRIANE SERRÃO;APTO;DEFERIDO;50;PSOL;PARTIDO SOCIALISMO E LIBERDADE;ABAETETUBA;26/10/1984;FEMININO;ENSINO MÉDIO COMPLETO;SOLTEIRO(A);PARDA;ESTUDANTE, BOLSISTA, ESTAGIÁRIO E ASSEMELHADOS;N;SUPLENTE;DEFERIDO;;59568.38;40000.0;0,03%;1166.0
140000625817;DEPUTADO FEDERAL;RUBENICE DE NAZARÉ DIAS MARTINS;4405;RUBENICE MARTINS;APTO;DEFERIDO;44;PRP;PARTIDO REPUBLICANO PROGRESSISTA;BELÉM;13/07/1976;FEMININO;ENSINO MÉDIO COMPLETO;SOLTEIRO(A);PARDA;TÉCNICO DE ENFERMAGEM E ASSEMELHADOS (EXCETO ENFERMEIRO);N;NÃO ELEITO;DEFERIDO;;1000.0;800.0;0,18%;7133.0
140000606378;DEPUTADO FEDERAL;JOSE EDUARDO PEREIRA DA COSTA;1444;EDUARDO COSTA;APTO;DEFERIDO;14;PTB;PARTIDO TRABALHISTA BRASILEIRO;BELÉM;16/02/1968;MASCULINO;SUPERIOR COMPLETO;CASADO(A);BRANCA;MÉDICO;N;ELEITO POR MÉDIA;DEFERIDO;823281.5800000001;253758.05;238436.97;1,90%;75346.0
140000610268;DEPUTADO FEDERAL;MANOEL RAIMUNDO MORAES FERREIRA;5190;SARGENTO MORAES;APTO;DEFERIDO;51;PATRIOTA;PATRIOTA;ABAETETUBA;31/08/1970;MASCULINO;SUPERIOR COMPLETO;SOLTEIRO(A);PARDA;MEMBRO DAS FORÇAS ARMADAS;N;NÃO ELEITO;DEFERIDO;274000.0;1000.0;1470.0;0,08%;3286.0
140000606361;DEPUTADO FEDERAL;SIMONE MARIA MORGADO FERREIRA;1588;SIMONE MORGADO;APTO;DEFERIDO;15;MDB;MOVIMENTO DEMOCRÁTICO BRASILEIRO;BELÉM;06/04/1967;FEMININO;SUPERIOR COMPLETO;DIVORCIADO(A);PARDA;DEPUTADO;S;SUPLENTE;DEFERIDO;1451620.57;2001500.0;2000928.49;1,46%;57640.0
140000604452;DEPUTADO FEDERAL;CESAR BORGES OLIVEIRA;2100;CESAR;APTO;DEFERIDO;21;PCB;PARTIDO COMUNISTA BRASILEIRO;BUJARU;20/02/1959;MASCULINO;ENSINO FUNDAMENTAL COMPLETO;CASADO(A);PARDA;COMERCIANTE;N;SUPLENTE;DEFERIDO;200000.0;10101.11;10000.0;0,01%;224.0
140000606380;DEPUTADO FEDERAL;JOAQUIM PASSARINHO PINTO DE SOUZA PORTO;5555;JOAQUIM PASSARINHO;APTO;DEFERIDO;55;PSD;PARTIDO SOCIAL DEMOCRÁTICO;BELÉM;02/12/1961;MASCULINO;SUPERIOR COMPLETO;CASADO(A);PARDA;DEPUTADO;S;ELEITO POR QP;DEFERIDO;1043818.79;284946.5;243630.83;2,42%;95582.0
140000613802;DEPUTADO FEDERAL;NILSON PINTO DE OLIVEIRA;4590;NILSON PINTO;APTO;DEFERIDO;45;PSDB;PARTIDO DA SOCIAL DEMOCRACIA BRASILEIRA;BELÉM;25/03/1952;MASCULINO;SUPERIOR COMPLETO;CASADO(A);PARDA;DEPUTADO;S;ELEITO POR QP;DEFERIDO;1022559.17;1071285.2;1066662.28;3,77%;148972.0
140000613800;DEPUTADO FEDERAL;WESLEY MARTINS DE SOUSA;4500;WESLEY MARTINS ;APTO;DEFERIDO;45;PSDB;PARTIDO DA SOCIAL DEMOCRACIA BRASILEIRA;MINAÇU;09/10/1979;MASCULINO;SUPERIOR COMPLETO;CASADO(A);PRETA;ECONOMISTA;N;SUPLENTE;DEFERIDO;576476.0;54000.0;50000.0;0,18%;7130.0
140000610266;DEPUTADO FEDERAL;KLEBER ALMEIDA DA SILVA;5107;KLEBER ALMEIDA;APTO;DEFERIDO;51;PATRIOTA;PATRIOTA;BELÉM;13/05/1979;MASCULINO;SUPERIOR COMPLETO;CASADO(A);BRANCA;ANALISTA DE SISTEMAS;N;NÃO ELEITO;DEFERIDO;182000.0;29521.0;3175.0;0,43%;16961.0
140000606362;DEPUTADO FEDERAL;HENDERSON LIRA PINTO;1522;HENDERSON PINTO;APTO;DEFERIDO;15;MDB;MOVIMENTO DEMOCRÁTICO BRASILEIRO;SANTARÉM;25/04/1976;MASCULINO;SUPERIOR INCOMPLETO;CASADO(A);PARDA;VEREADOR;N;SUPLENTE;DEFERIDO;245778.53999999998;249943.66;239647.26;1,61%;63533.0
140000613809;DEPUTADO FEDERAL;FRANCISCA CIZA PINHEIRO MARTINS;2555;FRANCISCA CIZA;APTO;DEFERIDO;25;DEM;DEMOCRATAS;PRESIDENTE DUTRA;04/10/1961;FEMININO;SUPERIOR COMPLETO;SEPARADO(A) JUDICIALMENTE;BRANCA;PROFESSOR DE ENSINO FUNDAMENTAL;N;SUPLENTE;DEFERIDO;255500.0;114224.0;81648.0;0,08%;3062.0
140000604421;DEPUTADO FEDERAL;CARLOS RENILTON FREITAS CRUZ;5005;RENILTON CRUZ;APTO;DEFERIDO;50;PSOL;PARTIDO SOCIALISMO E LIBERDADE;IGARAPÉ-AÇU;06/04/1975;MASCULINO;SUPERIOR COMPLETO;CASADO(A);BRANCA;SERVIDOR PÚBLICO FEDERAL;N;SUPLENTE;DEFERIDO;672000.0;31980.21;14481.8;0,16%;6201.0
140000625834;DEPUTADO FEDERAL;TIAGO SOARES FERNANDES;1823;TIAGO FERNANDES;APTO;DEFERIDO;18;REDE;REDE SUSTENTABILIDADE;BELEM;10/09/1986;MASCULINO;ENSINO MÉDIO COMPLETO;SOLTEIRO(A);PARDA;ESTUDANTE, BOLSISTA, ESTAGIÁRIO E ASSEMELHADOS;N;NÃO ELEITO;INDEFERIDO COM RECURSO;;880.0;;0,01%;550.0
140000627195;DEPUTADO FEDERAL;CLAUDIO ALBERTO CASTELO BRANCO PUTY;1310;PUTY;APTO;DEFERIDO;13;PT;PARTIDO DOS TRABALHADORES;BELEM;02/08/1970;MASCULINO;SUPERIOR COMPLETO;CASADO(A);BRANCA;SERVIDOR PÚBLICO FEDERAL;N;SUPLENTE;DEFERIDO;506238.15;478790.29000000004;478789.14;0,77%;30619.0
140000610267;DEPUTADO FEDERAL;LEANDRO DO COUTO DAMASCENO;5151;PASTOR LEANDRO COUTO;APTO;DEFERIDO;51;PATRIOTA;PATRIOTA;TERRA ALTA;17/05/1983;MASCULINO;SUPERIOR COMPLETO;CASADO(A);BRANCA;OUTROS;N;NÃO ELEITO;DEFERIDO;100000.0;1000.0;1470.0;0,10%;3966.0
140000625810;DEPUTADO FEDERAL;ALESSANDRO LIMA DE ARAUJO;4400;ALESSANDRO ARAUJO;APTO;DEFERIDO;44;PRP;PARTIDO REPUBLICANO PROGRESSISTA;BELÉM;01/03/1973;MASCULINO;ENSINO MÉDIO COMPLETO;DIVORCIADO(A);PARDA;MILITAR REFORMADO;N;NÃO ELEITO;DEFERIDO;;;;0,06%;2219.0
140000606367;DEPUTADO FEDERAL;DEYSE ARAUJO MENDES;3112;DEYSE ARAUJO;APTO;DEFERIDO;31;PHS;PARTIDO HUMANISTA DA SOLIDARIEDADE;RECIFE;18/02/1970;FEMININO;ENSINO MÉDIO COMPLETO;SOLTEIRO(A);PARDA;OUTROS;N;SUPLENTE;DEFERIDO;150000.0;600.0;;0,02%;788.0
140000613810;DEPUTADO FEDERAL;HÉLIO LEITE DA SILVA;2525;HÉLIO LEITE;APTO;DEFERIDO;25;DEM;DEMOCRATAS;CASTANHAL;09/12/1957;MASCULINO;SUPERIOR COMPLETO;CASADO(A);PARDA;CORRETOR DE IMÓVEIS, SEGUROS, TÍTULOS E VALORES;S;ELEITO POR MÉDIA;DEFERIDO;1743516.73;1052810.0;1041338.51;2,59%;102554.0
140000610259;DEPUTADO FEDERAL;EDER LUIZ NASCIMENTO DOS SANTOS;5154;CABO NASCIMENTO;APTO;DEFERIDO;51;PATRIOTA;PATRIOTA;BELÉM;18/03/1984;MASCULINO;SUPERIOR COMPLETO;SOLTEIRO(A);PARDA;MEMBRO DAS FORÇAS ARMADAS;N;NÃO ELEITO;DEFERIDO COM RECURSO;20000.0;1000.0;1570.0;0,06%;2323.0
140000625827;DEPUTADO FEDERAL;JOSE CARLOS LIMA DA COSTA;4343;ZÉ CARLOS DO PV;APTO;DEFERIDO;43;PV;PARTIDO VERDE;BELEM;22/08/1957;MASCULINO;SUPERIOR COMPLETO;SEPARADO(A) JUDICIALMENTE;BRANCA;ADVOGADO;N;NÃO ELEITO;DEFERIDO;210000.0;243283.39;222505.41;0,23%;9052.0
140000606382;DEPUTADO FEDERAL;JOÃO FERRARI JUNIOR;5588;JÚNIOR FERRARI;APTO;DEFERIDO;55;PSD;PARTIDO SOCIAL DEMOCRÁTICO;ORIXIMINÁ;13/07/1967;MASCULINO;SUPERIOR COMPLETO;CASADO(A);PARDA;DEPUTADO;N;ELEITO POR QP;DEFERIDO;1796100.7;489888.75;428049.82;3,71%;146678.0
140000625829;DEPUTADO FEDERAL;RAIMUNDO JOSÉ DOS SANTOS COSTA;4333;RAIMUNDO JOSÉ;INAPTO;INDEFERIDO;43;PV;PARTIDO VERDE;ABAETETUBA;16/05/1953;MASCULINO;SUPERIOR COMPLETO;CASADO(A);PARDA;SERVIDOR PÚBLICO MUNICIPAL;N;NÃO ELEITO;INDEFERIDO COM RECURSO;557000.0;39000.0;28500.0;0,00%;0.0
140000606379;DEPUTADO FEDERAL;PAULO EDUARDO MAESTRI BENGTSON;1456;PAULO BENGTSON;APTO;DEFERIDO;14;PTB;PARTIDO TRABALHISTA BRASILEIRO;VITORIA DA CONQUITA;06/01/1974;MASCULINO;SUPERIOR COMPLETO;SOLTEIRO(A);BRANCA;VETERINÁRIO;N;ELEITO POR QP;DEFERIDO;1129579.22;1220980.0;1156894.58;2,44%;96722.0
140000613798;DEPUTADO FEDERAL;CELSO SABINO DE OLIVEIRA;4567;CELSO SABINO;APTO;DEFERIDO;45;PSDB;PARTIDO DA SOCIAL DEMOCRACIA BRASILEIRA;BELÉM;29/08/1978;MASCULINO;SUPERIOR COMPLETO;CASADO(A);BRANCA;SERVIDOR PÚBLICO ESTADUAL;N;ELEITO POR QP;DEFERIDO;1576552.32;280454.39;239604.39;3,70%;146288.0
140000606375;DEPUTADO FEDERAL;EVERALDO JORGE MARTINS EGUCHI;1700;DELEGADO FEDERAL EGUCHI;APTO;DEFERIDO;17;PSL;PARTIDO SOCIAL LIBERAL;BELEM;24/04/1963;MASCULINO;SUPERIOR COMPLETO;CASADO(A);PARDA;SERVIDOR PÚBLICO FEDERAL;N;SUPLENTE;DEFERIDO;490000.0;32915.68;28590.75;1,32%;52393.0
140000606366;DEPUTADO FEDERAL;EMANOEL DO LIVRAMENTO PIRES JÚNIOR;2018;JÚNIOR PIRES;APTO;DEFERIDO;20;PSC;PARTIDO SOCIAL CRISTÃO;PRAINHA;17/12/1975;MASCULINO;SUPERIOR COMPLETO;CASADO(A);PARDA;ENGENHEIRO;N;SUPLENTE;DEFERIDO;97991.95;66396.2;42971.2;0,36%;14140.0
140000625831;DEPUTADO FEDERAL;GILENO DO NASCIMENTO BRITO;1888;PROFESSOR GILENO ;APTO;DEFERIDO;18;REDE;REDE SUSTENTABILIDADE;BELÉM;13/08/1972;MASCULINO;SUPERIOR COMPLETO;SOLTEIRO(A);BRANCA;PROFESSOR DE ENSINO MÉDIO;N;NÃO ELEITO;DEFERIDO;15000.0;1080.0;200.0;0,02%;645.0
140000613819;DEPUTADO FEDERAL;GIOVANNI CORRÊA QUEIROZ;1212;GIOVANNI QUEIROZ;APTO;DEFERIDO;12;PDT;PARTIDO DEMOCRÁTICO TRABALHISTA;CAMPINA VERDE;15/07/1946;MASCULINO;SUPERIOR COMPLETO;CASADO(A);BRANCA;PECUARISTA;N;SUPLENTE;DEFERIDO;1716608.83;660660.8;657064.4;1,52%;60028.0
140000628220;DEPUTADO FEDERAL;JOSÉ FLÁVIO ARAÚJO DE SOUZA PLATILHA;2326;FLÁVIO PLATILHA;INAPTO;INDEFERIDO;23;PPS;PARTIDO POPULAR SOCIALISTA;BELÉM;06/05/1971;MASCULINO;SUPERIOR COMPLETO;CASADO(A);PARDA;EMPRESÁRIO;N;;;;;;;
140000613812;DEPUTADO FEDERAL;ROSA MARIA DOS SANTOS ALMEIDA;2533;ROSINHA;APTO;DEFERIDO;25;DEM;DEMOCRATAS;PERNAMIRIM;27/01/1981;FEMININO;ENSINO MÉDIO COMPLETO;CASADO(A);BRANCA;TÉCNICO DE ENFERMAGEM E ASSEMELHADOS (EXCETO ENFERMEIRO);N;SUPLENTE;DEFERIDO;54000.0;9000.0;;0,03%;1071.0
140000606368;DEPUTADO FEDERAL;JOAQUIM ARISTIDES ARAUJO CAMPOS;3111;JOAQUIM CAMPOS;APTO;DEFERIDO;31;PHS;PARTIDO HUMANISTA DA SOLIDARIEDADE;RIO DE JANEIRO;02/08/1955;MASCULINO;ENSINO MÉDIO COMPLETO;CASADO(A);BRANCA;VEREADOR;N;SUPLENTE;DEFERIDO;472000.0;127630.0;169384.0;1,10%;43335.0
140000625822;DEPUTADO FEDERAL;JOSE ARMINDO PINTO;2812;ARMINDO PINTO;APTO;DEFERIDO;28;PRTB;PARTIDO RENOVADOR TRABALHISTA BRASILEIRO;BELÉM;11/07/1946;MASCULINO;SUPERIOR COMPLETO;CASADO(A);BRANCA;GEÓLOGO;N;NÃO ELEITO;DEFERIDO;187864.22;20320.0;16820.0;0,02%;806.0
140000629238;DEPUTADO FEDERAL;JOÃO CARLOS BERINA MELO;3133;BERINA;APTO;DEFERIDO;31;PHS;PARTIDO HUMANISTA DA SOLIDARIEDADE;BELÉM;07/07/1966;MASCULINO;ENSINO FUNDAMENTAL INCOMPLETO;CASADO(A);PARDA;VIGILANTE;N;SUPLENTE;DEFERIDO;;600.0;;0,10%;3980.0
140000604455;DEPUTADO FEDERAL;HELENO RIBEIRO SANCHES;5077;HELENO SANCHES;APTO;DEFERIDO;50;PSOL;PARTIDO SOCIALISMO E LIBERDADE;TUCURUÍ;07/08/1975;MASCULINO;ENSINO MÉDIO COMPLETO;SOLTEIRO(A);BRANCA;EMPRESÁRIO;N;SUPLENTE;DEFERIDO;;3188.38;;0,02%;743.0
140000604442;DEPUTADO FEDERAL;PEDRO PAULO CAVALERO DOS SANTOS;5080;PEDRO CAVALERO;APTO;DEFERIDO;50;PSOL;PARTIDO SOCIALISMO E LIBERDADE;BELÉM;04/01/1965;MASCULINO;SUPERIOR COMPLETO;DIVORCIADO(A);PARDA;ADVOGADO;N;SUPLENTE;DEFERIDO;669351.4;23173.239999999998;16900.0;0,10%;3864.0
140000610274;DEPUTADO FEDERAL;ELIEL NINA DE AZEVEDO;3621;CORONEL NINA;APTO;DEFERIDO;36;PTC;PARTIDO TRABALHISTA CRISTÃO;FORTALEZA;15/10/1953;MASCULINO;SUPERIOR COMPLETO;CASADO(A);PARDA;MILITAR REFORMADO;N;NÃO ELEITO;DEFERIDO;777692.78;40330.5;22330.5;0,08%;3024.0
140000604440;DEPUTADO FEDERAL;CARLOS DO SOCORRO GUERREIRO VAZ;5011;PROFESSOR CARLOS VAZ;APTO;DEFERIDO;50;PSOL;PARTIDO SOCIALISMO E LIBERDADE;BELÉM;13/04/1971;MASCULINO;SUPERIOR COMPLETO;SOLTEIRO(A);BRANCA;PROFESSOR DE ENSINO MÉDIO;N;SUPLENTE;DEFERIDO;507000.0;35148.24;17025.0;0,42%;16495.0
140000604451;DEPUTADO FEDERAL;EDMILSON BRITO RODRIGUES;5050;EDMILSON RODRIGUES;APTO;DEFERIDO;50;PSOL;PARTIDO SOCIALISMO E LIBERDADE;BELÉM;26/05/1957;MASCULINO;SUPERIOR COMPLETO;SOLTEIRO(A);BRANCA;DEPUTADO;S;ELEITO POR QP;DEFERIDO;185443.97;740751.79;663612.11;4,65%;184042.0
140000613817;DEPUTADO FEDERAL;CÍCERA MARTINS ANTUNES FONSECA;1222;PROFESSORA CÍCERA MARTINS;APTO;DEFERIDO;12;PDT;PARTIDO DEMOCRÁTICO TRABALHISTA;BRASÍLIA;10/11/1959;FEMININO;SUPERIOR COMPLETO;SOLTEIRO(A);PARDA;ENFERMEIRO;N;SUPLENTE;DEFERIDO;;44200.0;35000.0;0,05%;2172.0
140000625814;DEPUTADO FEDERAL;JORGE NUNES VIEIRA;4433;PROFESSOR;APTO;DEFERIDO;44;PRP;PARTIDO REPUBLICANO PROGRESSISTA;RIO DE JANEIRO;18/09/1972;MASCULINO;SUPERIOR COMPLETO;SOLTEIRO(A);PARDA;PEDAGOGO;N;NÃO ELEITO;DEFERIDO;;;;0,02%;606.0
140000604422;DEPUTADO FEDERAL;RIGLER DA COSTA ARAGÃO;5015;PROFESSOR RIGLER ARAGÃO;APTO;DEFERIDO;50;PSOL;PARTIDO SOCIALISMO E LIBERDADE;MARABÁ;02/12/1979;MASCULINO;SUPERIOR COMPLETO;CASADO(A);PRETA;SERVIDOR PÚBLICO FEDERAL;N;SUPLENTE;DEFERIDO;127000.0;21547.04;16757.83;0,14%;5416.0
140000606360;DEPUTADO FEDERAL;JOSÉ BENITO PRIANTE JUNIOR;1555;PRIANTE;APTO;DEFERIDO;15;MDB;MOVIMENTO DEMOCRÁTICO BRASILEIRO;BELEM;02/12/1963;MASCULINO;SUPERIOR COMPLETO;CASADO(A);BRANCA;DEPUTADO;S;ELEITO POR QP;DEFERIDO;650778.13;1532481.0;1499900.27;3,91%;154647.0
140000610265;DEPUTADO FEDERAL;FRANCISCO DAS CHAGAS VIEIRA DE SOUSA;5198;FRANCISCO VIEIRA ;APTO;DEFERIDO;51;PATRIOTA;PATRIOTA;EUGENIO BARROS;30/07/1970;MASCULINO;ENSINO MÉDIO COMPLETO;SOLTEIRO(A);PARDA;AGENTE ADMINISTRATIVO;N;NÃO ELEITO;DEFERIDO;;1000.0;1070.0;0,00%;96.0
140000610252;DEPUTADO FEDERAL;JOSÉ ANTÔNIO AZEVEDO LEÃO;9090;XARÃO LEÃO;APTO;DEFERIDO;90;PROS;PARTIDO REPUBLICANO DA ORDEM SOCIAL;BREVES;02/10/1963;MASCULINO;SUPERIOR INCOMPLETO;CASADO(A);BRANCA;EMPRESÁRIO;N;NÃO ELEITO;DEFERIDO;81018.0;564315.0;563775.9;1,17%;46267.0
140000606363;DEPUTADO FEDERAL;ADRIANA PEREIRA NACIF;1590;ADRIANA NACIF;APTO;DEFERIDO;15;MDB;MOVIMENTO DEMOCRÁTICO BRASILEIRO;BELÉM;10/12/1970;FEMININO;SUPERIOR COMPLETO;SOLTEIRO(A);PARDA;POLICIAL MILITAR;N;SUPLENTE;DEFERIDO;280000.0;85140.0;73571.95;0,15%;5823.0
140000606372;DEPUTADO FEDERAL;CRISTIANO DUTRA VALE;2222;CRISTIANO VALE;APTO;DEFERIDO;22;PR;PARTIDO DA REPÚBLICA;MANHUAÇU;10/04/1970;MASCULINO;ENSINO MÉDIO COMPLETO;DIVORCIADO(A);BRANCA;PECUARISTA;N;ELEITO POR QP;DEFERIDO;931486.49;899335.63;338581.11;4,47%;176812.0
140000606377;DEPUTADO FEDERAL;FRANCISCO ALVES DE AGUIAR;1977;CHAPADINHA;APTO;DEFERIDO;19;PODE;PODEMOS;BATALHA;24/08/1956;MASCULINO;ENSINO MÉDIO COMPLETO;DIVORCIADO(A);PARDA;DEPUTADO;S;SUPLENTE;DEFERIDO;3997156.18;862135.0;785733.6799999999;1,76%;69510.0
140000604426;DEPUTADO FEDERAL;KEILIANE DE LIMA BANDEIRA;5010;KEKE BANDEIRA;APTO;DEFERIDO;50;PSOL;PARTIDO SOCIALISMO E LIBERDADE;SANTARÉM;24/10/1992;FEMININO;SUPERIOR COMPLETO;SOLTEIRO(A);PRETA;SERVIDOR PÚBLICO FEDERAL;N;SUPLENTE;DEFERIDO;55000.0;57133.09;51728.5;0,07%;2585.0
140000604418;DEPUTADO FEDERAL;FABIANO DE OLIVEIRA VITORIANO PEREIRA;5012;VITORIANO BILL;APTO;DEFERIDO;50;PSOL;PARTIDO SOCIALISMO E LIBERDADE;ALTAMIRA;06/04/1985;MASCULINO;SUPERIOR COMPLETO;CASADO(A);PRETA;PROFESSOR DE ENSINO MÉDIO;N;SUPLENTE;DEFERIDO;49000.0;8236.88;4000.0;0,08%;3165.0
140000610260;DEPUTADO FEDERAL;EDINA DE JESUS PINHEIRO CASTRO;5155;EDINA CASTRO;APTO;DEFERIDO;51;PATRIOTA;PATRIOTA;ABAETETUBA;26/03/1961;FEMININO;ENSINO MÉDIO COMPLETO;CASADO(A);BRANCA;DONA DE CASA;N;NÃO ELEITO;DEFERIDO;;1000.0;;0,01%;285.0
140000625815;DEPUTADO FEDERAL;JOÃO BATISTA DA SILVA SERRA;4477;CABO SERRA;APTO;DEFERIDO;44;PRP;PARTIDO REPUBLICANO PROGRESSISTA;ZÉ DOCA;30/06/1983;MASCULINO;SUPERIOR COMPLETO;CASADO(A);PRETA;POLICIAL MILITAR;N;NÃO ELEITO;DEFERIDO;50000.0;1900.0;1900.0;0,11%;4193.0
140000627196;DEPUTADO FEDERAL;ESMERINO NERI BATISTA FILHO;1380;MIRIQUINHO BATISTA;APTO;DEFERIDO;13;PT;PARTIDO DOS TRABALHADORES;ABAETETUBA;11/07/1952;MASCULINO;SUPERIOR COMPLETO;CASADO(A);PRETA;OUTROS;N;SUPLENTE;DEFERIDO;368672.36;140953.3;129453.3;1,22%;48443.0
140000610273;DEPUTADO FEDERAL;CLAUDIOMAR DIAS DE ALMEIDA;3611;CLAUDIO ALMEIDA;APTO;DEFERIDO;36;PTC;PARTIDO TRABALHISTA CRISTÃO;SERRA DOS AIMORES;10/08/1967;MASCULINO;ENSINO MÉDIO COMPLETO;SOLTEIRO(A);PARDA;EMPRESÁRIO;N;NÃO ELEITO;DEFERIDO;243000.0;81170.0;79240.0;0,14%;5436.0
140000610276;DEPUTADO FEDERAL;PAULO SERGIO SOUZA;3666;CHICO DA PESCA;INAPTO;INDEFERIDO;36;PTC;PARTIDO TRABALHISTA CRISTÃO;BELÉM;12/12/1961;MASCULINO;ENSINO MÉDIO COMPLETO;CASADO(A);PARDA;OUTROS;N;NÃO ELEITO;INDEFERIDO COM RECURSO;;30000.0;30000.0;0,00%;0.0
140000613807;DEPUTADO FEDERAL;ORLANEI AMARAL SANTANA;4522;NEY SANTANA;APTO;DEFERIDO;45;PSDB;PARTIDO DA SOCIAL DEMOCRACIA BRASILEIRA;SANTARÉM;15/04/1979;MASCULINO;ENSINO MÉDIO COMPLETO;SOLTEIRO(A);BRANCA;VEREADOR;N;SUPLENTE;DEFERIDO;402216.78;69198.32;64082.29;0,64%;25293.0
140000624872;DEPUTADO FEDERAL;CLAUDIO BOTELHO CAVALCANTE;3677;CLAUDIO BOTELHO DA PESCA;APTO;DEFERIDO;36;PTC;PARTIDO TRABALHISTA CRISTÃO;BELÉM;13/06/1972;MASCULINO;ENSINO FUNDAMENTAL COMPLETO;CASADO(A);PARDA;OUTROS;N;NÃO ELEITO;DEFERIDO;;7500.0;3500.0;0,06%;2351.0
140000610270;DEPUTADO FEDERAL;MIRIAM DA SILVA BARBOSA;5138;MIRIAM;APTO;DEFERIDO;51;PATRIOTA;PATRIOTA;BELÉM;17/06/1967;FEMININO;SUPERIOR COMPLETO;CASADO(A);PARDA;DONA DE CASA;N;NÃO ELEITO;DEFERIDO;;1000.0;;0,01%;455.0
140000625492;DEPUTADO FEDERAL;ANTONIO CARLOS DOS SANTOS GOMES;3600;FAGUNDES DA PESCA E DO AÇAI;APTO;DEFERIDO;36;PTC;PARTIDO TRABALHISTA CRISTÃO;SOURE;11/07/1957;MASCULINO;ENSINO MÉDIO COMPLETO;CASADO(A);PARDA;PESCADOR;N;NÃO ELEITO;DEFERIDO;979000.0;2000.0;3.0;0,04%;1505.0
140000610262;DEPUTADO FEDERAL;ENILDE DE FIGUEIREDO PINHEIRO;5178;ENILDE PINHEIRO;APTO;DEFERIDO;51;PATRIOTA;PATRIOTA;SALINOPOLIS;26/01/1954;FEMININO;SUPERIOR INCOMPLETO;CASADO(A);BRANCA;DONA DE CASA;N;NÃO ELEITO;DEFERIDO;;1000.0;;0,00%;123.0
140000606365;DEPUTADO FEDERAL;JULIA MARIA GODINHO DA CRUZ MARINHO;2020;JULIA MARINHO;APTO;DEFERIDO;20;PSC;PARTIDO SOCIAL CRISTÃO;ITAPIRAPUÃ;11/04/1960;FEMININO;ENSINO MÉDIO COMPLETO;CASADO(A);PARDA;DEPUTADO;S;SUPLENTE;DEFERIDO;250225.31;2311570.63;2425175.92;1,90%;75334.0
140000625835;DEPUTADO FEDERAL;ANA CLAUDIA RIBEIRO DA ROCHA;4314;CLAUDIA RIBEIRO;INAPTO;INDEFERIDO;43;PV;PARTIDO VERDE;BELEM;06/01/1980;FEMININO;SUPERIOR INCOMPLETO;CASADO(A);PARDA;EMPRESÁRIO;N;;;115000.0;;;;
140000627200;DEPUTADO FEDERAL;MILENE RISUENHO LAUANDE;1369;PROF. MILENE;APTO;DEFERIDO;13;PT;PARTIDO DOS TRABALHADORES;BELEM;18/09/1972;FEMININO;SUPERIOR COMPLETO;CASADO(A);BRANCA;PROFESSOR DE ENSINO SUPERIOR;N;SUPLENTE;DEFERIDO;42000.0;443100.0;443100.0;0,22%;8846.0
140000625820;DEPUTADO FEDERAL;FRANCISCO JAMES CANARIO DOS SANTOS;2800;FRANK JAMES;APTO;DEFERIDO;28;PRTB;PARTIDO RENOVADOR TRABALHISTA BRASILEIRO;IMPERATRIZ;19/05/1982;MASCULINO;ENSINO MÉDIO COMPLETO;SOLTEIRO(A);PARDA;EMPRESÁRIO;N;NÃO ELEITO;DEFERIDO;226836.76;1630.0;1330.0;0,03%;1309.0
140000604425;DEPUTADO FEDERAL;VIVIANE DA COSTA REIS;5023;VIVI;APTO;DEFERIDO;50;PSOL;PARTIDO SOCIALISMO E LIBERDADE;BELÉM;05/08/1991;FEMININO;SUPERIOR COMPLETO;SOLTEIRO(A);PRETA;FISIOTERAPEUTA E TERAPEUTA OCUPACIONAL;N;SUPLENTE;DEFERIDO;35017.0;78341.54000000001;48961.8;0,56%;22297.0
140000610253;DEPUTADO FEDERAL;LÁZARO LUIS DE SOUSA SALDANHA;9080;LÁZARO SALDANHA;INAPTO;INDEFERIDO;90;PROS;PARTIDO REPUBLICANO DA ORDEM SOCIAL;VIGIA;11/02/1978;MASCULINO;SUPERIOR COMPLETO;CASADO(A);BRANCA;ADMINISTRADOR;N;;;178500.0;6046.55;4046.55;;
140000627198;DEPUTADO FEDERAL;JOSE ROBERTO OLIVEIRA FARO;1313;BETO FARO;APTO;DEFERIDO;13;PT;PARTIDO DOS TRABALHADORES;BUJARU;20/06/1969;MASCULINO;ENSINO FUNDAMENTAL COMPLETO;CASADO(A);PARDA;DEPUTADO;S;ELEITO POR QP;DEFERIDO;1137000.0;923100.0;919098.64;3,64%;143822.0
140000604475;DEPUTADO FEDERAL;SERGIO ROBERTO BALBI DA COSTA;5401;SERGIO ROBERTO PA279;APTO;DEFERIDO;54;PPL;PARTIDO PÁTRIA LIVRE;NITERÓI;19/10/1970;MASCULINO;SUPERIOR COMPLETO;SOLTEIRO(A);PARDA;ADMINISTRADOR;N;SUPLENTE;DEFERIDO;;500.0;;0,01%;233.0
140000627194;DEPUTADO FEDERAL;AIRTON LUIZ FALEIRO;1321;AIRTON FALEIRO;APTO;DEFERIDO;13;PT;PARTIDO DOS TRABALHADORES;TENENTE PORTELA;16/03/1959;MASCULINO;ENSINO FUNDAMENTAL COMPLETO;SOLTEIRO(A);BRANCA;DEPUTADO;N;ELEITO POR MÉDIA;DEFERIDO;467967.55;604750.0;503650.0;2,70%;106965.0
140000606383;DEPUTADO FEDERAL;ÉDER MAURO CARDOSO BARRA;5500;DELEGADO ÉDER MAURO;APTO;DEFERIDO;55;PSD;PARTIDO SOCIAL DEMOCRÁTICO;BELÉM;14/12/1960;MASCULINO;SUPERIOR COMPLETO;CASADO(A);PARDA;DEPUTADO;S;ELEITO POR QP;DEFERIDO;2014963.08;941876.87;928035.17;3,68%;145653.0
140000613805;DEPUTADO FEDERAL;BRUNA QUADROS TOMÉ;7700;BRUNA TOMÉ;APTO;DEFERIDO;77;SOLIDARIEDADE;SOLIDARIEDADE;BELÉM;07/02/1994;FEMININO;ENSINO MÉDIO COMPLETO;SOLTEIRO(A);PARDA;AUXILIAR DE ESCRITÓRIO E ASSEMELHADOS;N;SUPLENTE;DEFERIDO;;11500.0;10000.0;0,03%;1334.0
140000625819;DEPUTADO FEDERAL;ARACELIA DOS SANTOS CAVALCANTE;2822;ARACELIA CAVALCANTE;INAPTO;INDEFERIDO;28;PRTB;PARTIDO RENOVADOR TRABALHISTA BRASILEIRO;SALVATERRA;17/08/1954;FEMININO;ENSINO MÉDIO COMPLETO;SOLTEIRO(A);BRANCA;DONA DE CASA;N;;;;;;;
140000604441;DEPUTADO FEDERAL;LEONICE DE OLIVEIRA;5055;LEONICE DE OLIVEIRA;APTO;DEFERIDO;50;PSOL;PARTIDO SOCIALISMO E LIBERDADE;DUARTINA;14/03/1955;FEMININO;SUPERIOR COMPLETO;VIÚVO(A);PARDA;ENFERMEIRO;N;SUPLENTE;DEFERIDO;222244.0;52552.09;47767.35;0,16%;6161.0
140000613806;DEPUTADO FEDERAL;EVERALDO NASCIMENTO DE SOUSA;7788;EVERALDO ALEIXO;APTO;DEFERIDO;77;SOLIDARIEDADE;SOLIDARIEDADE;ANANINDEUA;07/03/1980;MASCULINO;ENSINO MÉDIO INCOMPLETO;CASADO(A);PARDA;VEREADOR;N;SUPLENTE;DEFERIDO;709246.2;53100.0;42600.0;0,39%;15395.0
140000610257;DEPUTADO FEDERAL;ALEANDRO MONTEIRO DE OLIVEIRA;5115;XANDÃO O PATRIOTA;APTO;DEFERIDO;51;PATRIOTA;PATRIOTA;SÃO MIGUEL DO ARAGUAIA GOIÂNIA;12/01/1973;MASCULINO;ENSINO FUNDAMENTAL COMPLETO;SOLTEIRO(A);PARDA;COMUNICÓLOGO;N;NÃO ELEITO;DEFERIDO;;7032.41;7519.41;0,18%;7016.0
140000625832;DEPUTADO FEDERAL;HEBER RICHES MEDEIROS BRITO;1807;RICHES FEDERAL FORÇA E HONRA;APTO;DEFERIDO;18;REDE;REDE SUSTENTABILIDADE;BELEM;04/09/1971;MASCULINO;ENSINO MÉDIO COMPLETO;CASADO(A);BRANCA;MILITAR REFORMADO;N;NÃO ELEITO;DEFERIDO;92000.0;2200.0;840.0;0,12%;4865.0
140000610256;DEPUTADO FEDERAL;ELENILSON JOSÉ SANTOS DA COSTA;7070;DR. ELENILSON;APTO;DEFERIDO;70;AVANTE;AVANTE;BELÉM;03/12/1968;MASCULINO;SUPERIOR COMPLETO;SOLTEIRO(A);PARDA;OUTROS;N;NÃO ELEITO;DEFERIDO;493000.0;197083.2;191013.2;0,45%;17620.0
140000610258;DEPUTADO FEDERAL;BETTY DAVIS DA SILVA LIMA;5180;BETTY DAVIS;APTO;DEFERIDO;51;PATRIOTA;PATRIOTA;BELÉM;10/04/1949;FEMININO;ENSINO FUNDAMENTAL COMPLETO;CASADO(A);BRANCA;DONA DE CASA;N;NÃO ELEITO;DEFERIDO;;1400.0;400.0;0,00%;67.0
140000627197;DEPUTADO FEDERAL;ISRAEL PEREIRA BARROS;1311;MIQUINHA;APTO;DEFERIDO;13;PT;PARTIDO DOS TRABALHADORES;GRAJAU;28/01/1972;MASCULINO;ENSINO MÉDIO INCOMPLETO;SOLTEIRO(A);PARDA;AGRICULTOR;N;SUPLENTE;DEFERIDO;526000.0;19700.0;19700.0;0,31%;12372.0
140000604435;DEPUTADO FEDERAL;MARIA DE NAZARÉ ALVES DE LIMA;5033;ENFERMEIRA NAZARÉ LIMA;APTO;DEFERIDO;50;PSOL;PARTIDO SOCIALISMO E LIBERDADE;BELÉM;06/08/1961;FEMININO;SUPERIOR COMPLETO;SOLTEIRO(A);PRETA;PROFESSOR DE ENSINO SUPERIOR;N;SUPLENTE;DEFERIDO;26366.0;57480.3;46907.84;0,32%;12809.0
140000604427;DEPUTADO FEDERAL;JOSÉ MATEUS ROCHA DA COSTA FERREIRA;5044;PROFESSOR MATEUS;APTO;DEFERIDO;50;PSOL;PARTIDO SOCIALISMO E LIBERDADE;BELÉM;21/09/1974;MASCULINO;SUPERIOR COMPLETO;SOLTEIRO(A);BRANCA;SERVIDOR PÚBLICO ESTADUAL;N;SUPLENTE;DEFERIDO;51000.0;17796.92;12272.4;0,04%;1485.0
140000604471;DEPUTADO FEDERAL;GUSTAVO EZEQUIEL DA SILVA ROCHA;5470;GUSTAVO ROCHA;APTO;DEFERIDO;54;PPL;PARTIDO PÁTRIA LIVRE;BELÉM;10/01/1995;MASCULINO;ENSINO MÉDIO COMPLETO;SOLTEIRO(A);PARDA;ESTUDANTE, BOLSISTA, ESTAGIÁRIO E ASSEMELHADOS;N;SUPLENTE;DEFERIDO;;500.0;;0,00%;133.0
140000604423;DEPUTADO FEDERAL;RUBENIXSON RIBEIRO FARIAS;5000;RUBENIXSON;APTO;DEFERIDO;50;PSOL;PARTIDO SOCIALISMO E LIBERDADE;CAPITÃO POÇO;02/02/1977;MASCULINO;SUPERIOR COMPLETO;SOLTEIRO(A);PARDA;SERVIDOR PÚBLICO ESTADUAL;N;SUPLENTE;DEFERIDO;245000.0;18773.239999999998;14998.1;0,28%;11039.0
140000604473;DEPUTADO FEDERAL;MIGUEL DOS SANTOS CORREA;5454;INDIO MIGUEL;APTO;DEFERIDO;54;PPL;PARTIDO PÁTRIA LIVRE;SANTARÉM;29/09/1977;MASCULINO;ENSINO MÉDIO COMPLETO;SOLTEIRO(A);INDÍGENA;ESTUDANTE, BOLSISTA, ESTAGIÁRIO E ASSEMELHADOS;N;SUPLENTE;DEFERIDO;;900.0;300.0;0,01%;358.0
140000627205;DEPUTADO FEDERAL;ANA JULIA DE VASCONCELOS CAREPA;6565;ANA JULIA;APTO;DEFERIDO;65;PC do B;PARTIDO COMUNISTA DO BRASIL;BELEM;23/12/1957;FEMININO;SUPERIOR COMPLETO;CASADO(A);BRANCA;APOSENTADO (EXCETO SERVIDOR PÚBLICO);N;SUPLENTE;DEFERIDO;1118743.35;1406270.58;1340794.58;1,37%;54058.0
140000625811;DEPUTADO FEDERAL;DIOGO RICARDO DE SANTANA SEDORKO;4417;DIOGO SEDORKO;APTO;DEFERIDO;44;PRP;PARTIDO REPUBLICANO PROGRESSISTA;ALTAMIRA;08/02/1992;MASCULINO;ENSINO MÉDIO COMPLETO;SOLTEIRO(A);PARDA;EMPRESÁRIO;N;NÃO ELEITO;DEFERIDO;3570.02;;;0,06%;2418.0
140000610261;DEPUTADO FEDERAL;ELANE COSTA SILVA PINHEIRO;5110;ELANE;APTO;DEFERIDO;51;PATRIOTA;PATRIOTA;BRASILIA;18/03/1980;FEMININO;SUPERIOR COMPLETO;CASADO(A);PARDA;SECRETÁRIO E DATILÓGRAFO;N;NÃO ELEITO;DEFERIDO;;1400.0;1470.0;0,02%;670.0
140000613799;DEPUTADO FEDERAL;MARIA ALVES DOS SANTOS;4545;TÊTE SANTOS;APTO;DEFERIDO;45;PSDB;PARTIDO DA SOCIAL DEMOCRACIA BRASILEIRA;PORTO NACIONAL;01/06/1953;FEMININO;ENSINO MÉDIO COMPLETO;DIVORCIADO(A);BRANCA;ADMINISTRADOR;N;SUPLENTE;DEFERIDO;610000.0;1031748.86;879974.28;0,69%;27321.0
140000610263;DEPUTADO FEDERAL;ENOCK FARIAS DE SOUSA;5156;ENOCK;APTO;DEFERIDO;51;PATRIOTA;PATRIOTA;SANTAREM;07/04/1987;MASCULINO;SUPERIOR INCOMPLETO;SOLTEIRO(A);PARDA;MOTORISTA PARTICULAR;N;NÃO ELEITO;DEFERIDO;5000.0;1000.0;1070.0;0,05%;1855.0
140000606369;DEPUTADO FEDERAL;JOÃO MACHADO FURTADO;3113;JOAO MACHADO;APTO;DEFERIDO;31;PHS;PARTIDO HUMANISTA DA SOLIDARIEDADE;BELÉM;20/09/1958;MASCULINO;SUPERIOR COMPLETO;CASADO(A);PARDA;PROFESSOR DE ENSINO MÉDIO;N;SUPLENTE;DEFERIDO;;600.0;;0,10%;3878.0
140000625813;DEPUTADO FEDERAL;FRANCISCO ALDEANO DE LIMA;4455;ALDEANNO CAMPOS;APTO;DEFERIDO;44;PRP;PARTIDO REPUBLICANO PROGRESSISTA;SANTA MARIA DO PARÁ;09/04/1977;MASCULINO;ENSINO FUNDAMENTAL INCOMPLETO;SOLTEIRO(A);BRANCA;OUTROS;N;NÃO ELEITO;DEFERIDO;;;;0,04%;1718.0
140000610272;DEPUTADO FEDERAL;SHEILA PATRICIA SANTANA RODRIGUES;5123;SHEILA RODRIGUES;APTO;DEFERIDO;51;PATRIOTA;PATRIOTA;BELEM;19/09/1978;FEMININO;ENSINO MÉDIO INCOMPLETO;SOLTEIRO(A);PARDA;OUTROS;N;NÃO ELEITO;DEFERIDO;;1000.0;1070.0;0,04%;1450.0
140000625823;DEPUTADO FEDERAL;ROMILDA ALVES MASCARENHAS BARBOSA;2815;ROMILDA ALVES;APTO;DEFERIDO;28;PRTB;PARTIDO RENOVADOR TRABALHISTA BRASILEIRO;ARAGUAÇU;10/08/1976;FEMININO;ENSINO MÉDIO COMPLETO;CASADO(A);BRANCA;DONA DE CASA;N;NÃO ELEITO;DEFERIDO;94000.0;1636.6;1336.6;0,05%;2085.0
